  "host": "bnk-den-carmen16",
  "total_requests": 2561,
  "host": "bnk-den-carmen17",
  "total_requests": 2799,
  "host": "bnk-den-carmen16",
  "total_requests": 2561,
  "host": "bnk-den-carmen16",
  "total_requests": 2561,
  "host": "bnk-den-carmen13",
  "total_requests": 1154,
  "host": "bnk-den-carmen17",
  "total_requests": 2799,
  "host": "bnk-den-carmen13",
  "total_requests": 1154,
  "host": "bnk-den-carmen14",
  "total_requests": 1117,
  "host": "bnk-den-carmen16",
  "total_requests": 2561,
  "host": "bnk-den-carmen14",
  "total_requests": 1117,
  "host": "bnk-den-carmen16",
  "total_requests": 2561,
  "host": "bnk-den-carmen13",
  "total_requests": 1154,
  "host": "bnk-den-carmen16",
  "total_requests": 2561,
  "host": "bnk-den-carmen17",
  "total_requests": 2799,
  "host": "bnk-den-carmen14",
  "total_requests": 1117,
  "host": "bnk-den-carmen17",
  "total_requests": 2799,
  "host": "bnk-den-carmen14",
  "total_requests": 1117,
  "host": "bnk-den-carmen16",
  "total_requests": 2561,
  "host": "bnk-den-carmen17",
  "total_requests": 2799,
  "host": "bnk-den-carmen13",
  "total_requests": 1154,
  "host": "bnk-den-carmen14",
  "total_requests": 1117,
  "host": "bnk-den-carmen16",
  "total_requests": 2561,
  "host": "bnk-den-carmen17",
  "total_requests": 2799,
  "host": "bnk-den-carmen13",
  "total_requests": 1154,
  "host": "bnk-den-carmen14",
  "total_requests": 1117,
  "host": "bnk-den-carmen16",
  "total_requests": 2561,
  "host": "bnk-den-carmen17",
  "total_requests": 2799,
  "host": "bnk-den-carmen13",
  "total_requests": 1154,
  "host": "bnk-den-carmen14",
  "total_requests": 1117,
  "host": "bnk-den-carmen16",
  "total_requests": 2561,
  "host": "bnk-den-carmen17",
  "total_requests": 2799,
  "host": "bnk-den-carmen13",
  "total_requests": 1154,
  "host": "bnk-den-carmen14",
  "total_requests": 1117,
  "host": "bnk-den-carmen16",
  "total_requests": 2561,
  "host": "bnk-den-carmen17",
  "total_requests": 2799,
  "host": "bnk-den-carmen13",
  "total_requests": 1154,
  "host": "bnk-den-carmen14",
  "total_requests": 1117,
  "host": "bnk-den-carmen16",
  "total_requests": 2561,
  "host": "bnk-den-carmen17",
  "total_requests": 2799,
  "host": "bnk-den-carmen17",
  "total_requests": 2799,
  "host": "bnk-den-carmen13",
  "total_requests": 1154,
  "host": "bnk-den-carmen14",
  "total_requests": 1117,
  "host": "bnk-den-carmen16",
  "total_requests": 2561,
  "host": "bnk-den-carmen17",
  "total_requests": 2799,
  "host": "bnk-den-carmen13",
  "total_requests": 1154,
  "host": "bnk-den-carmen14",
  "total_requests": 1117,
  "host": "bnk-den-carmen16",
  "total_requests": 2561,
  "host": "bnk-den-carmen17",
  "total_requests": 2799,
  "host": "bnk-den-carmen13",
  "total_requests": 1154,
  "host": "bnk-den-carmen14",
  "total_requests": 1117,
  "host": "bnk-den-carmen16",
  "total_requests": 2561,
  "host": "bnk-den-carmen17",
  "total_requests": 2799,
  "host": "bnk-den-carmen13",
  "total_requests": 1154,
  "host": "bnk-den-carmen14",
  "total_requests": 1117,
  "host": "bnk-den-carmen16",
  "total_requests": 2561,
  "host": "bnk-den-carmen17",
  "total_requests": 2799,
  "host": "bnk-den-carmen13",
  "total_requests": 1154,
  "host": "bnk-den-carmen14",
  "host": "bnk-den-carmen16",
  "total_requests": 2561,
  "host": "bnk-den-carmen17",
  "total_requests": 2799,
  "host": "bnk-den-carmen13",
  "total_requests": 1154,
  "host": "bnk-den-carmen14",
  "total_requests": 1117,
  "host": "bnk-den-carmen16",
  "total_requests": 2561,
  "host": "bnk-den-carmen17",
  "total_requests": 2799,
  "host": "bnk-den-carmen13",
  "total_requests": 1154,
  "host": "bnk-den-carmen14",
  "total_requests": 1117,
  "host": "bnk-den-carmen16",
  "total_requests": 2561,
  "host": "bnk-den-carmen17",
  "total_requests": 2799,
  "host": "bnk-den-carmen13",
  "total_requests": 1154,
  "host": "bnk-den-carmen14",
  "total_requests": 1117,
  "host": "bnk-den-carmen16",
  "total_requests": 2561,
  "host": "bnk-den-carmen17",
  "total_requests": 2799,
  "host": "bnk-den-carmen13",
  "total_requests": 1154,
  "host": "bnk-den-carmen14",
  "total_requests": 1117,
  "host": "bnk-den-carmen16",
  "total_requests": 2561,
  "host": "bnk-den-carmen17",
  "total_requests": 2799,
  "host": "bnk-den-carmen13",
  "total_requests": 1154,
  "host": "bnk-den-carmen14",
  "total_requests": 1117,
  "host": "bnk-den-carmen16",
  "total_requests": 2561,
  "host": "bnk-den-carmen17",
  "total_requests": 2799,
  "host": "bnk-den-carmen13",
  "total_requests": 1154,
  "host": "bnk-den-carmen13",
  "total_requests": 1154,
  "host": "bnk-den-carmen14",
  "total_requests": 1117,
  "host": "bnk-den-carmen16",
  "total_requests": 2561,
  "host": "bnk-den-carmen13",
  "total_requests": 1154,
  "host": "bnk-den-carmen14",
  "total_requests": 1117,
  "host": "bnk-den-carmen14",
  "total_requests": 1117,
